,Name,Rating,Review,No_Of_employee,Company_type,Old,Headquarters
0,Vodafone Idea,4.1,15.3k, 5k-10k Employees , Public , 6 years old , Mumbai +639 more
1,BYJU'S,3.0,14.5k, 10k-50k Employees , Indian Unicorn , 13 years old , Bangalore +303 more
2,Kotak Mahindra Bank,3.8,14.2k, 50k-1 Lakh Employees , Public , 21 years old , Mumbai +563 more
3,Deloitte,3.9,13.8k, 1 Lakh+ Employees , 179 years old , London +145 more,
4,Reliance Industries,4.0,13.6k, 1 Lakh+ Employees , Public , 47 years old , Navi Mumbai +667 more
5,Bharti Airtel,4.0,12.2k, 10k-50k Employees , Public , 29 years old , Gurgaon/Gurugram +650 more
6,iEnergizer,4.7,12.2k, 10k-50k Employees , 24 years old , Noida +26 more,
7,Tata Motors,4.2,11.2k, 10k-50k Employees , Public , 79 years old , Pune +453 more
8,Flipkart,4.0,9.7k, 10k-50k Employees , Public , 17 years old , Bangalore +530 more
9,WNS,3.5,9.7k, 10k-50k Employees , 28 years old , Mumbai +36 more,
10,IndusInd Bank,3.7,9.2k, 10k-50k Employees , Public , 30 years old , Gurgaon/Gurugram +677 more
11,Ernst & Young,3.6,8.9k, 50k-1 Lakh Employees , 22 years old , London +97 more,
12,AU Small Finance Bank,4.5,8.7k, 10k-50k Employees , Fortune India 500 , 28 years old , Jaipur +401 more
13,Mahindra & Mahindra,4.1,8.6k, 1 Lakh+ Employees , Public , 79 years old , Mumbai +471 more
14,Infosys BPM,3.8,8.3k, 10k-50k Employees , 22 years old , Bangalore/Bengaluru +65 more,
15,DXC Technology,3.8,8.3k, 10k-50k Employees , Public , 7 years old , Minato +81 more
16,IDFC FIRST Bank,4.0,8.1k, 10k-50k Employees , Public , 6 years old , Mumbai +572 more
17,Conneqt Business Solutions,3.8,7.7k, 10k-50k Employees , 22 years old , Mumbai +219 more,
18,HDFC Life,4.1,7.6k, 10k-50k Employees , Public , 24 years old , Mumbai +548 more
19,LTIMindtree,3.6,7.6k, 50k-1 Lakh Employees , Public , 25 years old , Bangalore/Bengaluru +49 more
20,Bajaj Finserv,4.0,7.5k, 50k-1 Lakh Employees , Public , 17 years old , Mumbai +864 more
21,Mphasis,3.4,7k, 10k-50k Employees , Public , 26 years old , Mumbai +48 more
22,PwC,3.6,6.9k, 10k-50k Employees , Conglomerate , 144 years old , Mumbai +90 more
23,HSBC Group,4.1,6.8k, 10k-50k Employees , Forbes Global 2000 , 22 years old , Mumbai +57 more
24,Startek,3.2,6.7k, 10k-50k Employees , Public , 7 years old , Mumbai +71 more
25,Hinduja Global Solutions,3.9,6.7k, 10k-50k Employees , Public , 24 years old , Mumbai +100 more
26,Samsung,4.1,6.7k, 50k-1 Lakh Employees , Public , 86 years old , Mumbai +498 more
27,Maruti Suzuki,4.1,6.6k, 10k-50k Employees , Public , 43 years old , Mumbai +380 more
28,Ericsson,4.3,6.6k, 10k-50k Employees , Forbes Global 2000 , 148 years old , Mumbai +149 more
29,Shriram Finance,4.1,6.5k, 50k-1 Lakh Employees , Fortune India 500 , 45 years old , Mumbai +948 more
30,Asian Paints,4.0,6.3k, 5k-10k Employees , Public , 82 years old , Mumbai +427 more
31,Yes Bank,3.9,6.3k, 10k-50k Employees , Public , 20 years old , Mumbai +434 more
32,Cipla Pharmaceutical,4.1,6.2k, 10k-50k Employees , Public , 89 years old , Mumbai +232 more
33,Dr. Reddy's,4.1,6k, 10k-50k Employees , Public , 40 years old , Mumbai +161 more
34,Sutherland Global Services,3.6,6k, 10k-50k Employees , 38 years old , Mumbai +55 more,
35,Bandhan Bank,3.7,5.9k, 50k-1 Lakh Employees , Public , 23 years old , Mumbai +749 more
36,UltraTech Cement,4.2,5.9k, 10k-50k Employees , Public , 41 years old , Mumbai +431 more
37,Paytm,3.3,5.8k, 10k-50k Employees , Public , 14 years old , Mumbai +309 more
38,EXL Service,3.8,5.8k, 10k-50k Employees , 25 years old , Mumbai +45 more,
39,NTT DATA,4.0,5.8k, 10k-50k Employees , 36 years old , Mumbai +55 more,
40,ICICI Prudential Life Insurance,4.1,5.6k, 10k-50k Employees , Public , 24 years old , Mumbai +446 more
41,Jana Small Finance Bank,3.7,5.6k, 10k-50k Employees , Public , 18 years old , Bangalore/Bengaluru +347 more
42,Bajaj Finance,4.0,5.5k, 10k-50k Employees , 37 years old , Pune +765 more,
43,Lupin,4.0,5.4k, 1k-5k Employees , Public , 56 years old , Mumbai +164 more
44,Indian Army,4.8,5.4k, 1 Lakh+ Employees , Public , 129 years old , New Delhi +322 more
45,HCL Group,3.6,5.3k, 1 Lakh+ Employees , 48 years old , Chennai +74 more,
46,Udaan,3.9,5.3k, 1k-5k Employees , Indian Unicorn , 8 years old , Bangalore +348 more
47,L&T Infotech,3.7,5.2k, 10k-50k Employees , Public , 28 years old , Mumbai +83 more
48,TATA Steel,4.1,5.2k, 1 Lakh+ Employees , Public , 117 years old , Mumbai +165 more
49,ITC,3.9,5.2k, 10k-50k Employees , Public , 49 years old , Kolkata +303 more
50,Quess,4.0,5.2k, 1k-5k Employees , Public , 17 years old , Bangalore +515 more
51,Wells Fargo,4.0,5.1k, 10k-50k Employees , Public , 172 years old , San Francisco +20 more
52,Zydus Lifesciences,4.0,5.1k, 10k-50k Employees , Public , 72 years old , Ahmedabad +148 more
53,Amazon Development Centre India,4.0,5.1k, 10k-50k Employees , Hyderabad / Secunderabad +76 more,,
54,Delhivery,3.9,5.1k, 10k-50k Employees , Fortune India 500 , 13 years old , Delhi +617 more
55,JP Morgan Chase,4.1,5k, 50k-1 Lakh Employees , Forbes Global 2000 , 24 years old , New York +31 more
56,Hindustan Unilever,4.2,4.9k, 10k-50k Employees , Public , 152 years old , London +419 more
57,FIS,3.9,4.9k, 10k-50k Employees , 56 years old , Jacksonville +46 more,
58,IIFL Finance,3.9,4.7k, 10k-50k Employees , Public , 29 years old , Mumbai +656 more
59,Hexaware Technologies,3.6,4.7k, 10k-50k Employees , Fortune India 500 , 34 years old , Mumbai +44 more
60,JSW Steel,3.9,4.7k, 10k-50k Employees , Public , 42 years old , Mumbai +141 more
61,Sun Pharmaceutical Industries,4.1,4.6k, 10k-50k Employees , Public , 41 years old , Mumbai +196 more
62,Ujjivan Small Finance Bank,4.0,4.5k, 10k-50k Employees , Public , 7 years old , Bangalore/Bengaluru +437 more
63,Muthoot Finance,3.5,4.4k, 10k-50k Employees , Public , 85 years old , Kochi/Cochin +627 more
64,Max Life Insurance,4.1,4.4k, 10k-50k Employees , 24 years old , Gurgaon/Gurugram +391 more,
65,Aurobindo Pharma,3.9,4.4k, 10k-50k Employees , Public , 38 years old , Hyderabad/Secunderabad +90 more
66,Tata Projects,4.2,4.4k, 5k-10k Employees , Public , 45 years old , Mumbai +235 more
67,KPMG India,3.6,4.4k, 10k-50k Employees , 37 years old , Bangalore / Bengaluru +76 more,
68,Home Credit Finance,4.0,4.3k, 10k-50k Employees , 12 years old , Gurugram +114 more,
69,Shapoorji Pallonji Group,4.1,4.3k, 5k-10k Employees , Conglomerate , 159 years old , Mumbai +159 more
70,Oracle,3.8,4.3k, 50k-1 Lakh Employees , Public , 47 years old , Austin +46 more
71,L&T Construction,4.0,4.3k, 5k-10k Employees , Public , 80 years old , Chennai +339 more
72,OPPO,3.9,4.3k, 10k-50k Employees , Public , 20 years old , Dongguan +370 more
73,eClerx,3.3,4.3k, 10k-50k Employees , Public , 24 years old , Mumbai +17 more
74,Apollo Hospitals,4.1,4.2k, 10k-50k Employees , Public , 41 years old , Chennai +183 more
75,Ashok Leyland,4.1,4.2k, 5k-10k Employees , Public , 76 years old , Chennai +206 more
76,Siemens,4.2,4.2k, 5k-10k Employees , Public , 177 years old , Munich +127 more
77,JLL,4.2,4.2k, 10k-50k Employees , Forbes Global 2000 , 27 years old , Mumbai +67 more
78,Omega Healthcare,3.7,4.1k, 10k-50k Employees , 21 years old , Florida +45 more,
79,Vivo,4.0,4.1k, 5k-10k Employees , Conglomerate , 15 years old , Gurgaon/Gurugram +374 more
80,Megha Engineering & Infrastructures,3.9,4.1k, 5k-10k Employees , Conglomerate , 35 years old , Hyderabad/Secunderabad +293 more
81,JustDial,3.5,4.1k, 10k-50k Employees , Public , 28 years old , Mumbai +178 more
82,First Source,3.7,4.1k, 10k-50k Employees , Public , 23 years old , Mumbai +53 more
83,Hero MotoCorp,4.1,4k, 5k-10k Employees , Public , 40 years old , Gurgaon/Gurugram +312 more
84,Bajaj Allianz Life Insurance,4.1,4k, 10k-50k Employees , 23 years old , Pune +500 more,
85,Mahindra & Mahindra Financial Services,4.3,4k, 10k-50k Employees , Public , 33 years old , Mumbai +634 more
86,D Mart,3.9,3.9k, 10k-50k Employees , Fortune India 500 , 24 years old , Mumbai +209 more
87,Cyient,3.8,3.8k, 10k-50k Employees , Public , 33 years old , Hyderabad/Secunderabad +35 more
88,Coforge,3.5,3.8k, 10k-50k Employees , Public , 20 years old , Noida +86 more
89,ICICI Lombard General Insurance Company,3.8,3.8k, 10k-50k Employees , Public , 23 years old , Mumbai +260 more
90,BigBasket,3.9,3.8k, 10k-50k Employees , Indian Unicorn , 13 years old , Bangalore +114 more
91,Indiamart Intermesh,3.5,3.8k, 5k-10k Employees , 28 years old , Noida +137 more,
92,Virtusa Consulting Services,3.7,3.8k, 10k-50k Employees , 28 years old , Southborough +37 more,
93,Equitas Small Finance Bank,4.4,3.7k, 10k-50k Employees , Fortune India 500 , 17 years old , Chennai +364 more
94,TVS Motor,3.9,3.7k, 5k-10k Employees , Public , 45 years old , Chennai +275 more
95,GlobalLogic,3.7,3.6k, 10k-50k Employees , 24 years old , San Jose +32 more,
96,Manappuram Finance,3.9,3.6k, 10k-50k Employees , Public , 75 years old , Thrissur/Trichur +493 more
97,UST,3.8,3.6k, 10k-50k Employees , 23 years old , Aliso Viejo +36 more,
98,Hewlett-Packard Enterprise,4.2,3.6k, 10k-50k Employees , Forbes Global 2000 , 9 years old , Houston +90 more
99,Atos Syntel,3.5,3.6k, 5k-10k Employees , 44 years old , Troy +23 more,
100,Nagarro,3.8,3.6k, 10k-50k Employees , 28 years old , Munich +39 more,
101,SBI Cards & Payment Services,3.7,3.6k, 1k-5k Employees , 26 years old , Gurgaon/Gurugram +335 more,
102,Cummins,4.3,3.6k, 1k-5k Employees , Fortune India 500 , 62 years old , Columbus +103 more
103,Bosch Global Software Technologies,4.1,3.6k, 10k-50k Employees , 34 years old , Gerlingen +30 more,
104,IQVIA,3.9,3.5k, 10k-50k Employees , Forbes Global 2000 , 42 years old , Durham +41 more
105,Ekart Logistics,4.0,3.5k, 1k-5k Employees , 15 years old , San Francisco +563 more,
106,Bosch,4.2,3.5k, 5k-10k Employees , Public , 138 years old , Gerlingen +100 more
107,Reliance Communications,3.9,3.5k, 201-500 Employees , Public , 22 years old , Navi Mumbai +421 more
108,SMFG India Credit,4.0,3.5k, 10k-50k Employees , 17 years old , Mumbai +483 more,
109,Cholamandalam Investment & Finance,4.0,3.5k, 10k-50k Employees , Fortune India 500 , 46 years old , Chennai +628 more
110,BNY Mellon,4.1,3.5k, 10k-50k Employees , Forbes Global 2000 , 20 years old , New York City +15 more
111,Schneider Electric,4.1,3.5k, 10k-50k Employees , Forbes Global 2000 , 25 years old , Paris +115 more
112,Hyundai Motor,4.3,3.4k, 10k-50k Employees , Fortune India 500 , 57 years old , Seoul +261 more
113,L&T Technology Services,3.4,3.4k, 10k-50k Employees , Public , 12 years old , Vadodara/Baroda +48 more
114,Oyo Rooms,3.3,3.4k, 1k-5k Employees , Indian Unicorn , 11 years old , Gurgaon +117 more
115,Amdocs,3.9,3.4k, 10k-50k Employees , Forbes Global 2000 , 42 years old , Chesterfield +15 more
116,CBRE,4.2,3.3k, 10k-50k Employees , Forbes Global 2000 , 118 years old , Los Angeles +74 more
117,State Bank of India,3.6,3.3k, 1 Lakh+ Employees , Fortune India 500 , 218 years old , Mumbai +481 more
118,BT Group,4.0,3.3k, 10k-50k Employees , Forbes Global 2000 , 178 years old , London +18 more
119,Swiggy,3.8,3.3k, 5k-10k Employees , Indian Unicorn , 10 years old , Bangalore +179 more
120,JBM Group,4.0,3.3k, 1k-5k Employees , Public , 41 years old , Gurgaon/Gurugram +87 more
121,Ecom Express,4.0,3.3k, 10k-50k Employees , 12 years old , Gurgaon +616 more,
122,SBI Life Insurance Company,3.8,3.2k, 10k-50k Employees , 23 years old , Mumbai +518 more,
123,Dell,4.1,3.2k, 10k-50k Employees , Forbes Global 2000 , 40 years old , Round Rock +100 more
124,Optum,3.9,3.2k, 10k-50k Employees , 47 years old , Prairie +27 more,
125,Bajaj Auto,3.8,3.2k, 5k-10k Employees , Public , 79 years old , Pune +249 more
126,Nagarjuna Construction Company,4.1,3.2k, 5k-10k Employees , Public , 26 years old , Hyderabad/Secunderabad +225 more
127,Future Group,4.3,3.2k, 10k-50k Employees , Conglomerate , 11 years old , Mumbai +202 more
128,KEC International,4.1,3.2k, 5k-10k Employees , Public , 79 years old , Mumbai +266 more
129,Piramal Capital Housing Finance,4.2,3.1k, 1k-5k Employees , 4 years old , Mumbai +328 more,
130,Aditya Birla Fashion and Retail,4.2,3.1k, 10k-50k Employees , Fortune India 500 , 9 years old , Mumbai +225 more
131,Muthoot Fincorp,4.0,3.1k, 10k-50k Employees , Conglomerate , 137 years old , Trivandrum/Thiruvananthapuram +532 more
132,Royal Enfield,4.2,3k, 5k-10k Employees , 123 years old , Gurgaon/Gurugram +303 more,
133,L&T Finance,4.0,3k, 10k-50k Employees , Public , 30 years old , Mumbai +473 more
134,Viatris,4.2,3k, 10k-50k Employees , Forbes Global 2000 , 63 years old , Canonsburg +70 more
135,Tata Communications,4.2,3k, 5k-10k Employees , Public , 38 years old , Mumbai +89 more
136,Samvardhana Motherson Group,3.7,3k, 1k-5k Employees , Public , 38 years old , Noida +74 more
137,LG Electronics,3.9,3k, 1k-5k Employees , Public , 66 years old , Seoul +247 more
138,Intas Pharmaceuticals,4.0,3k, 10k-50k Employees , Fortune India 500 , 24 years old , Ahmedabad +115 more
139,Kogta Financial India Limited,4.8,3k, 1k-5k Employees , Public , 28 years old , Jaipur +206 more
140,John Deere,4.2,2.9k, 5k-10k Employees , Fortune India 500 , 23 years old , Moline +119 more
141,Varun Beverages,4.0,2.9k, 5k-10k Employees , Public , 29 years old , Gurgaon/Gurugram +281 more
142,Godrej & Boyce Manufacturing,3.9,2.9k, 10k-50k Employees , Fortune India 500 , 127 years old , Mumbai +130 more
143,Persistent Systems,3.7,2.9k, 10k-50k Employees , Public , 34 years old , Pune +32 more
144,Randstad,3.9,2.9k, 5k-10k Employees , Conglomerate , 32 years old , Chennai +258 more
145,Thermax Limited,4.2,2.9k, 1k-5k Employees , Public , 58 years old , Pune +175 more
146,Hetero Drugs,3.8,2.8k, 1k-5k Employees , 31 years old , Hyderabad/Secunderabad +44 more,
147,Havells,4.0,2.8k, 5k-10k Employees , Public , 41 years old , Noida +178 more
148,Macleods Pharmaceuticals,3.6,2.8k, 10k-50k Employees , Public , 38 years old , Mumbai +98 more
149,Deutsche Bank,4.1,2.8k, 10k-50k Employees , Fortune India 500 , 154 years old , Frankfurt +37 more
150,CARS24,3.6,2.8k, 5k-10k Employees , Indian Unicorn , 9 years old , Gurgaon +150 more
151,Sodexo,4.1,2.8k, 10k-50k Employees , Forbes Global 2000 , 16 years old , Issy les Moulineaux +130 more
152,Subros,3.9,2.8k, 1k-5k Employees , Public , 39 years old , Noida +57 more
153,Team Lease,3.9,2.8k, 1k-5k Employees , Public , 8 years old , Bangalore/Bengaluru +300 more
154,Abbott Healthcare,4.1,2.8k, 10k-50k Employees , Public , 33 years old , Illinois City +170 more
155,Whitehat jr,3.1,2.8k, 5k-10k Employees , Startup , 6 years old , Mumbai +50 more
156,VE Commercial Vehicles,4.0,2.8k, 1k-5k Employees , 16 years old , Gurgaon/Gurugram +127 more,
157,Ford Motor,4.4,2.7k, 5k-10k Employees , Public , 121 years old , Dearborn +110 more
158,Indian Oil Corporation,4.4,2.7k, 10k-50k Employees , Fortune India 500 , 65 years old , Delhi/NCR +251 more
159,Tata Capital,4.1,2.7k, 5k-10k Employees , Fortune India 500 , 17 years old , Mumbai +227 more
160,Cgi Group,4.1,2.7k, 10k-50k Employees , Forbes Global 2000 , 48 years old , Montreal +25 more
161,Automatic Data Processing (ADP),4.0,2.7k, 1k-5k Employees , Forbes Global 2000 , 75 years old , New Jersey +24 more
162,Bharat Electronics,4.1,2.7k, 5k-10k Employees , Fortune India 500 , 70 years old , Bangalore/Bengaluru +47 more
163,Standard Chartered Bank,3.8,2.7k, 10k-50k Employees , Fortune India 500 , 55 years old , London +57 more
164,American Express,4.2,2.7k, 10k-50k Employees , Forbes Global 2000 , 174 years old , New York City +44 more
165,Alembic Pharmaceuticals,4.0,2.7k, 10k-50k Employees , Public , 117 years old , Vadodara/Baroda +148 more
166,R1 RCM,3.9,2.7k, 5k-10k Employees , 17 years old , Murray +32 more,
167,Access Healthcare,3.9,2.7k, 5k-10k Employees , 13 years old , Dallas +30 more,
168,Pidilite Industries,4.4,2.7k, 5k-10k Employees , Public , 65 years old , Mumbai +235 more
169,UnitedHealth,4.0,2.7k, 10k-50k Employees , Forbes Global 2000 , 47 years old , Minnetonka +15 more
170,Tata AIA Life Insurance,4.1,2.6k, 10k-50k Employees , 23 years old , Mumbai +321 more,
171,ITC Infotech,3.6,2.6k, 10k-50k Employees , 24 years old , Bangalore/Bengaluru +51 more,
172,Publicis Sapient,3.4,2.6k, 10k-50k Employees , 34 years old , New York +26 more,
173,Hindalco Industries,4.2,2.6k, 10k-50k Employees , Public , 66 years old , Mumbai +86 more
174,Alkem Laboratories,3.8,2.6k, 10k-50k Employees , Public , 51 years old , Mumbai +157 more
175,Atos,3.7,2.6k, 10k-50k Employees , Forbes Global 2000 , 27 years old , Vilnius +41 more
176,DCB Bank,3.8,2.6k, 5k-10k Employees , Fortune India 500 , 94 years old , Mumbai +303 more
177,Aakash Educational Services,3.5,2.6k, 5k-10k Employees , 36 years old , New Delhi +203 more,
178,Hindustan Coca Cola Beverages,4.2,2.6k, 5k-10k Employees , 27 years old , Bangalore +213 more,
179,Indian Air Force,4.7,2.6k, 1 Lakh+ Employees , 92 years old , New Delhi +111 more,
180,Utkarsh Small Finance Bank,3.8,2.6k, 10k-50k Employees , Public , 15 years old , Varanasi +292 more
181,Vishal Mega Mart,3.6,2.6k, 10k-50k Employees , 16 years old , Gurgaon/Gurugram +316 more,
182,Glenmark Pharmaceuticals,3.9,2.5k, 10k-50k Employees , Public , 47 years old , Mumbai +139 more
183,Barclays,4.0,2.5k, 10k-50k Employees , Forbes Global 2000 , 334 years old , London +31 more
184,Ipca Laboratories,3.9,2.5k, 10k-50k Employees , Public , 75 years old , Mumbai +124 more
185,Berger Paints,3.6,2.5k, 1k-5k Employees , Public , 101 years old , Kolkata +243 more
186,Maersk,4.3,2.5k, 10k-50k Employees , 120 years old , Copenhagen +35 more,
187,Jindal Steel and Power,3.8,2.5k, 5k-10k Employees , Fortune India 500 , 45 years old , Delhi/NCR +116 more
188,ABB Group,4.1,2.5k, 1k-5k Employees , Public , 36 years old , Zurich +96 more
189,Bank of America,4.4,2.5k, 10k-50k Employees , Fortune India 500 , 26 years old , Charlotte +30 more
190,Wipro Infotech,4.1,2.5k, 1 Lakh+ Employees (Global) , MNC , 79 years old , Bangalore +117 more
191,DTDC Express,3.6,2.5k, 1k-5k Employees , 34 years old , Bangalore/Bengaluru +227 more,
192,Marpu Foundation,4.9,2.5k, 51-200 Employees , 8 years old , Hyderabad/Secunderabad +53 more,
193,Aarti Industries,4.1,2.5k, 5k-10k Employees , Public , 49 years old , Mumbai +42 more
194,24/7 Customer,3.6,2.5k, 5k-10k Employees , 24 years old , San Jose +25 more,
195,Honda Motorcycle & Scooter,4.1,2.5k, 10k-50k Employees , 25 years old , Gurgaon/Gurugram +213 more,
196,NatWest Group,4.1,2.4k, 10k-50k Employees , Forbes Global 2000 , Gurgaon / Gurugram +22 more,
197,HDFC Ergo General Insurance,4.0,2.4k, 10k-50k Employees , Public , 22 years old , Mumbai +230 more
198,CMS IT Services,3.0,2.4k, 5k-10k Employees , Startup , 10 years old , Bangalore +137 more
199,Johnson Controls,3.8,2.4k, 5k-10k Employees , Public , 139 years old , Cork +48 more
200,Carelon Global Solutions,4.0,2.4k, 10k-50k Employees , Hyderabad / Secunderabad +12 more,,
201,Reliance Nippon Life Insurance,3.8,2.4k, 10k-50k Employees , 24 years old , Mumbai +430 more,
202,MRF Tyres,3.6,2.4k, 10k-50k Employees , Public , 78 years old , Chennai +163 more
203,RBL Bank,3.7,2.4k, 10k-50k Employees , Public , 81 years old , Mumbai +221 more
204,PolicyBazaar,3.4,2.4k, 10k-50k Employees , Public , 16 years old , Gurgaon +87 more
205,Cogent E Services,3.3,2.4k, 10k-50k Employees , Conglomerate , 20 years old , Noida +35 more
206,Wipro Consumer Care & Lighting,3.9,2.4k, 1k-5k Employees , 79 years old , Bangalore/Bengaluru +95 more,
207,PNB MetLife,3.3,2.4k, 5k-10k Employees , Conglomerate , 23 years old , Mumbai +322 more
208,Paras Hospital,4.6,2.4k, 1k-5k Employees , 18 years old , Gurgaon/Gurugram +45 more,
209,Reliance Digital,4.2,2.4k, 5k-10k Employees , 17 years old , Mumbai +306 more,
210,Ceat Tyres,4.0,2.4k, 5k-10k Employees , Public , 66 years old , Mumbai +113 more
211,GeBBS Healthcare Solutions,3.6,2.4k, 5k-10k Employees , 19 years old , Culver City +18 more,
212,Axis Direct,4.0,2.4k, 1k-5k Employees , 13 years old , San Mateo +271 more,
213,Kotak Mahindara Life Insurance,3.8,2.4k, 10k-50k Employees , Public , 23 years old , Mumbai +210 more
214,Jubilant Foods Works,3.9,2.4k, 10k-50k Employees , Public , 29 years old , Noida +191 more
215,Dabur,3.7,2.4k, 5k-10k Employees , Public , 140 years old , Ghaziabad +248 more
216,Conduent,3.5,2.4k, 5k-10k Employees , 7 years old , Florham Park +21 more,
217,JK Cement,4.1,2.3k, 1k-5k Employees , Public , 50 years old , Gurgaon/Gurugram +235 more
218,Shoppers Stop,4.0,2.3k, 5k-10k Employees , Public , 33 years old , Mumbai +62 more
219,IndiGo,3.5,2.3k, 10k-50k Employees , Fortune India 500 , 19 years old , Gurgaon/Gurugram +89 more
220,Synechron,3.8,2.3k, 5k-10k Employees , 23 years old , New York +26 more,
221,ACC,3.8,2.3k, 5k-10k Employees , Public , 88 years old , Mumbai +212 more
222,HARMAN,3.7,2.3k, 5k-10k Employees , Public , 15 years old , Stamford +28 more
223,GATI-KWE,3.9,2.3k, 1k-5k Employees , 12 years old , Hyderabad/Secunderabad +157 more,
224,Birlasoft,3.7,2.3k, 10k-50k Employees , Public , 29 years old , Pune +34 more
225,Indiabulls Home Loans,3.8,2.3k, 5k-10k Employees , Public , 19 years old , Gurgaon/Gurugram +188 more
226,Reliance SMSL,3.9,2.3k, 1k-5k Employees , Public , 17 years old , Mumbai +482 more
227,ArcelorMittal Nippon Steel,3.9,2.3k, 5k-10k Employees , Conglomerate , Surat +66 more,
228,Lenskart,3.2,2.3k, 5k-10k Employees , Indian Unicorn , 14 years old , Faridabad +161 more
229,PepsiCo,4.1,2.3k, 1 Lakh+ Employees , Forbes Global 2000 , 35 years old , Harrison +227 more
230,S&P Global,4.2,2.3k, 10k-50k Employees , Public , 107 years old , New York City +25 more
231,KPIT Technologies,3.6,2.3k, 5k-10k Employees , Public , 34 years old , Pune +32 more
232,Torrent Pharmaceuticals,3.9,2.2k, 10k-50k Employees , Public , 53 years old , Ahmedabad +98 more
233,UPL,4.0,2.2k, 5k-10k Employees , Public , 55 years old , Mumbai +155 more
234,RSPL Group,4.1,2.2k, 10k-50k Employees , 37 years old , Mumbai +202 more,
235,AGS Health,4.0,2.2k, 10k-50k Employees , 13 years old , Washington DC +38 more,
236,Dilip Buildcon,4.0,2.2k, 10k-50k Employees , Public , 37 years old , Bhopal +180 more
237,Square Yards,4.1,2.2k, 1k-5k Employees , 11 years old , Gurgaon +41 more,
238,Titan Company,4.4,2.2k, 5k-10k Employees , Public , 40 years old , Bangalore +138 more
239,Wipro Enterprises Ltd,3.8,2.2k, 501-1k Employees , 79 years old , Bangalore +92 more,
240,Escorts Kubota Limited,4.1,2.2k, 1k-5k Employees , Public , 64 years old , Faridabad +125 more
241,Tata AIG,4.2,2.2k, 5k-10k Employees , 24 years old , Mumbai +222 more,
242,TVS Credit,4.5,2.2k, 10k-50k Employees , Public , 16 years old , Chennai +305 more
243,Tech Mahindra Business Services,3.5,2.2k, 5k-10k Employees , Public , 21 years old , Mumbai +44 more
244,Bajaj Electricals,4.0,2.2k, 1k-5k Employees , Public , 86 years old , Mumbai +193 more
245,IGT Solutions,3.2,2.2k, 5k-10k Employees , 26 years old , Gurgaon/Gurugram +28 more,
246,Statestreet HCL Services,3.2,2.2k, 5k-10k Employees , 12 years old , New Delhi +16 more,
247,Alstom Transportation,3.8,2.2k, 5k-10k Employees , Forbes Global 2000 , 96 years old , Saint-Ouen +65 more
248,EY Global Delivery Services ( EY GDS),3.6,2.2k, 50k-1 Lakh Employees , 22 years old , Bangalore/Bengaluru +38 more,
249,Birla Sun Life Insurance,4.2,2.1k, 10k-50k Employees , 24 years old , Mumbai +367 more,
250,AFCONS Infrastructure,4.3,2.1k, 5k-10k Employees , 65 years old , Mumbai +96 more,
251,Simplex Infrastructures,3.1,2.1k, 1k-5k Employees , Public , 100 years old , Kolkata +132 more
252,Apollo Tyres,4.0,2.1k, 5k-10k Employees , Public , 52 years old , Gurgaon/Gurugram +147 more
253,Mankind Pharma,4.0,2.1k, 10k-50k Employees , Fortune India 500 , 29 years old , New Delhi +191 more
254,Suzlon Group,4.1,2.1k, 5k-10k Employees , Public , 29 years old , Pune +107 more
255,Domino's Pizza,3.8,2.1k, 1k-5k Employees , Public , 64 years old , Ypsilanti +213 more
256,Capita,3.6,2.1k, 5k-10k Employees , 19 years old , Indore +24 more,
257,Zensar Technologies,3.8,2.1k, 5k-10k Employees , Public , 23 years old , Pune +22 more
258,Flex,4.1,2.1k, 5k-10k Employees , Forbes Global 2000 , 55 years old , San Jose +38 more
259,IDFC FIRST Bharat,4.6,2.1k, 10k-50k Employees , 8 years old , Tiruchirappalli +292 more,
260,KocharTech,3.6,2.1k, 1k-5k Employees , 29 years old , Gurgaon/Gurugram +24 more,
261,Huawei Technologies,4.1,2.1k, 51-200 Employees , 22 years old , Gurgaon/Gurugram +99 more,
262,McDonald's,4.1,2.1k, 1k-5k Employees , Forbes Global 2000 , 69 years old , Chicago +134 more
263,Max Healthcare,4.1,2.1k, 1k-5k Employees , Fortune India 500 , 23 years old , Delhi/NCR +56 more
264,State Street Corporation,3.8,2.1k, 10k-50k Employees , Forbes Global 2000 , 232 years old , Boston +19 more
265,Tata Technologies,3.7,2.1k, 5k-10k Employees , Conglomerate , 35 years old , Singapore +41 more
266,Bajaj Allianz General Insurance,3.9,2k, 5k-10k Employees , Pune +209 more,,
267,Taj Hotels Resorts and Palaces,4.1,2k, 10k-50k Employees , 121 years old , Mumbai +93 more,
268,ElasticRun,3.3,2k, 1k-5k Employees , Indian Unicorn , 8 years old , Pune +343 more
269,I Process Services,3.8,2k, 1k-5k Employees , 19 years old , Mumbai +290 more,
270,HDFC Sales,4.1,2k, 10k-50k Employees , 20 years old , Mumbai +278 more,
271,Landmark Group,4.1,2k, 1k-5k Employees , Conglomerate , 51 years old , Dubai Marina +139 more
272,Lava International,4.1,2k, 1k-5k Employees , Public , 15 years old , Noida +210 more
273,Croma,4.0,2k, 5k-10k Employees , 18 years old , Mumbai +137 more,
274,Grasim Industries,4.0,2k, 10k-50k Employees , Public , 77 years old , Nagda +100 more
275,Nestle,4.1,2k, 5k-10k Employees , Public , 65 years old , Vevey +227 more
276,Walmart,3.9,2k, 5k-10k Employees , Forbes Global 2000 , 15 years old , Bangalore/Bengaluru +76 more
277,UNO Minda,4.0,2k, 201-500 Employees , Fortune India 500 , 66 years old , Gurgaon +84 more
278,Patanjali Ayurved,4.0,2k, 1k-5k Employees , Fortune India 500 , 18 years old , Haridwar +256 more
279,Blue Dart Express,4.1,2k, 10k-50k Employees , Public , 41 years old , Mumbai +234 more
280,Tractors and Farm Equipment,4.1,2k, 10k-50k Employees , Public , 64 years old , Chennai +164 more
281,Nokia,4.3,2k, 10k-50k Employees , Forbes Global 2000 , 159 years old , Espoo +149 more
282,State Street Syntel,3.6,2k, 501-1k Employees , 20 years old , Mumbai +20 more,
283,Capgemini Engineering,3.7,2k, Gurgaon / Gurugram +21 more,,,
284,BlackBuck,3.8,2k, 1k-5k Employees , Indian Unicorn , 9 years old , Bangalore +312 more
285,G4S,3.9,2k, 1 Lakh+ Employees , 28 years old , Gurgaon/Gurugram +135 more,
286,Fortis Healthcare,4.0,2k, 1k-5k Employees , Public , 28 years old , Gurgaon/Gurugram +59 more
287,Societe Generale,3.9,2k, 1k-5k Employees , 24 years old , Bangalore/Bengaluru +16 more,
288,Fiserv,3.5,1.9k, 5k-10k Employees , Forbes Global 2000 , 40 years old , Brookfield +28 more
289,Britannia,4.1,1.9k, 1k-5k Employees , Public , 132 years old , Reading +231 more
290,TVS Supply Chain Solutions,3.8,1.9k, 1k-5k Employees , 128 years old , Chennai +128 more,
291,KFintech,3.4,1.9k, 5k-10k Employees , Startup , 7 years old , Hyderabad +102 more
292,Micro Labs,3.5,1.9k, 10k-50k Employees , 51 years old , Bangalore/Bengaluru +121 more,
293,Voltas,3.9,1.9k, 1k-5k Employees , Public , 70 years old , Mumbai +172 more
294,Sterlite Technologies,3.6,1.9k, 1k-5k Employees , Public , 36 years old , Pune +76 more
295,Ola Cabs,3.2,1.9k, 1k-5k Employees , Indian Unicorn , 14 years old , Bangalore +95 more
296,Exide Industries,3.3,1.9k, 5k-10k Employees , Public , 77 years old , Kolkata +182 more
297,Shree Cement,3.9,1.9k, 5k-10k Employees , Public , 45 years old , Kolkata +198 more
298,Kyndryl,4.0,1.9k, 10k-50k Employees , 3 years old , New York +25 more,
299,Radisson Hotels,4.0,1.9k, 5k-10k Employees , 115 years old , Minnetonka +102 more,
300,Yazaki,3.7,1.9k, 10k-50k Employees , 83 years old , Tokyo +66 more,
301,Himalaya Wellness,4.1,1.9k, 5k-10k Employees , 94 years old , San Francisco +195 more,
302,Lifestyle,4.4,1.8k, 10k-50k Employees , Fortune India 500 , 25 years old , Bangalore/Bengaluru +109 more
303,Dalmia Bharat Cement,3.9,1.8k, 5k-10k Employees , Public , 89 years old , Delhi/NCR +204 more
304,Quest Global,3.6,1.8k, 10k-50k Employees , 27 years old , Singapore +32 more,
305,Eureka Forbes,3.7,1.8k, 1k-5k Employees , 42 years old , Mumbai +160 more,
306,Ajanta Pharma,4.1,1.8k, 5k-10k Employees , Public , 51 years old , Mumbai +96 more
307,IKS Health,3.6,1.8k, 5k-10k Employees , 17 years old , Mumbai +16 more,
308,Extramarks Education,3.3,1.8k, 1k-5k Employees , 17 years old , Noida +102 more,
309,ACT Fibernet,4.1,1.8k, 5k-10k Employees , 16 years old , Bengaluru/Bangalore +41 more,
310,Aditya Birla Group,4.1,1.8k, 1 Lakh+ Employees , Conglomerate , 167 years old , Mumbai +217 more
311,Blue Star,4.1,1.8k, 1k-5k Employees , Public , 81 years old , Mumbai +130 more
312,XpressBees,3.7,1.8k, 5k-10k Employees , Indian Unicorn , 9 years old , Pune +231 more
313,Mahindra Rural Housing Finance,4.1,1.8k, 10k-50k Employees , Public , 17 years old , Mumbai +406 more
314,Nokia Networks,4.3,1.8k, 501-1k Employees , Chennai +83 more,,
315,Cholamandalam MS General Insurance,3.9,1.8k, 1k-5k Employees , 23 years old , Chennai +328 more,
316,Life Insurance Corporation of India,4.3,1.8k, 1 Lakh+ Employees , Fortune India 500 , 68 years old , Mumbai +405 more
317,Sonalika Tractors,3.7,1.8k, 1k-5k Employees , 55 years old , Hoshiarpur +149 more,
318,DS Group,4.0,1.8k, 1k-5k Employees , Conglomerate , 95 years old , Noida +196 more
319,Motilal Oswal Financial Services,3.8,1.8k, 5k-10k Employees , Public , 37 years old , Mumbai +124 more
320,Future Retail,4.3,1.8k, 10k-50k Employees , Public , 37 years old , San Francisco +196 more
321,JMC Projects,4.1,1.8k, 1k-5k Employees , Public , 42 years old , Mumbai +117 more
322,Zomato,3.5,1.8k, 1k-5k Employees , Public , 16 years old , Gurgaon +169 more
323,Rivigo,3.8,1.8k, 1k-5k Employees , Indian Unicorn , 10 years old , Gurgaon +151 more
324,Delhi Public School,3.9,1.8k, 1k-5k Employees , Public , 26 years old , Greater Noida +233 more
325,Mahindra Logistics,4.0,1.8k, 1k-5k Employees , Public , 24 years old , Mumbai +121 more
326,Indus Towers,4.0,1.8k, 1k-5k Employees , Fortune India 500 , 17 years old , Gurgaon +154 more
327,PVR Cinemas,4.1,1.8k, 1k-5k Employees , Public , 27 years old , Gurgaon +103 more
328,Ninjacart,4.3,1.8k, 1k-5k Employees , Startup , 9 years old , Bangalore +93 more
329,Parle Agro,4.1,1.7k, 5k-10k Employees , 40 years old , Mumbai +188 more,
330,V-Mart,4.2,1.7k, 5k-10k Employees , Public , 22 years old , Gurgaon/Gurugram +240 more
331,Myntra,3.9,1.7k, 1k-5k Employees , 17 years old , Bangalore +97 more,
332,SRF,4.1,1.7k, 5k-10k Employees , Public , 54 years old , Gurgaon/Gurugram +45 more
333,Kalpataru Power Transmission,4.1,1.7k, 1k-5k Employees , Public , 43 years old , Mumbai +210 more
334,Emcure Pharmaceuticals,3.6,1.7k, 5k-10k Employees , Fortune India 500 , 43 years old , Pune +96 more
335,Datamatics Global Services,3.5,1.7k, 5k-10k Employees , Public , 49 years old , Mumbai +26 more
336,Pfizer,4.1,1.7k, 1k-5k Employees , Public , 20 years old , Chennai +110 more
337,Renault-Nissan,4.0,1.7k, 10k-50k Employees , 17 years old , Chennai +78 more,
338,Movate,3.3,1.7k, 1k-5k Employees , 28 years old , Plano +29 more,
339,Kansai Nerolac Paints,3.8,1.7k, 1k-5k Employees , Public , 104 years old , Mumbai +177 more
340,Tata Teleservices,3.9,1.7k, 201-500 Employees , Public , 28 years old , Mumbai +147 more
341,Fujitsu,3.8,1.7k, 5k-10k Employees , Forbes Global 2000 , 89 years old , Bangalore/Bengaluru +26 more
342,Mahindra Holidays & Resorts,3.4,1.7k, 5k-10k Employees , 28 years old , Mumbai +95 more,
343,Indian Railways,3.9,1.7k, 1 Lakh+ Employees , Central , 171 years old , Delhi/NCR +212 more
344,Raymond,4.2,1.7k, 5k-10k Employees , Public , 99 years old , New York +128 more
345,BHEL,4.0,1.7k, 10k-50k Employees , Fortune India 500 , 60 years old , Bangalore/Bengaluru +98 more
346,VVDN Technologies,3.5,1.7k, 5k-10k Employees , 17 years old , Gurgaon +32 more,
347,Reliance Trends,4.2,1.7k, 1 Lakh+ Employees , Conglomerate , 18 years old , Navi Mumbai +333 more
348,MSN Laboratories,3.6,1.6k, 10k-50k Employees , 21 years old , Hyderabad/Secunderabad +69 more,
349,KPMG Global Services,3.7,1.6k,,,,
350,Blinkit,3.8,1.6k, 1k-5k Employees , Indian Unicorn , 11 years old , Gurgaon +61 more
351,Cybage,3.9,1.6k, 5k-10k Employees , 29 years old , Pune +9 more,
352,ICICI Securities,3.7,1.6k, 1k-5k Employees , Public , 29 years old , Mumbai +121 more
353,Ambuja Cements,3.8,1.6k, 5k-10k Employees , Public , 41 years old , Mumbai +191 more
354,3i Infotech,3.6,1.6k, 1k-5k Employees , Public , 31 years old , Mumbai +107 more
355,Cadila Pharmaceuticals,3.3,1.6k, 5k-10k Employees , Public , 73 years old , Ahmedabad +112 more
356,JCB,3.9,1.6k, 1k-5k Employees , 79 years old , Rocester +90 more,
357,Info Edge,4.1,1.6k, 5k-10k Employees , Public , 29 years old , Noida +54 more
358,GlaxoSmithKline Pharmaceuticals,4.1,1.6k, 1k-5k Employees , Fortune India 500 , 194 years old , Brentford +178 more
359,Poonawalla Fincorp,3.8,1.6k, 1k-5k Employees , Public , 36 years old , Mumbai +249 more
